{
  "average_frame_build_time_millis": 5.6416956521739134,
  "90th_percentile_frame_build_time_millis": 8.576,
  "99th_percentile_frame_build_time_millis": 9.106,
  "worst_frame_build_time_millis": 9.106,
  "missed_frame_build_budget_count": 0,
  "average_frame_rasterizer_time_millis": 1.2806956521739128,
  "90th_percentile_frame_rasterizer_time_millis": 1.373,
  "99th_percentile_frame_rasterizer_time_millis": 2.175,
  "worst_frame_rasterizer_time_millis": 2.175,
  "missed_frame_rasterizer_budget_count": 0,
  "frame_count": 23,
  "frame_rasterizer_count": 23,
  "frame_build_times": [
    8576,
    4653,
    4579,
    4612,
    4651,
    4582,
    4595,
    5197,
    5246,
    6792,
    5548,
    4890,
    4990,
    4740,
    8148,
    4768,
    161,
    9106,
    8670,
    5164,
    5096,
    8292,
    6703
  ],
  "frame_rasterizer_times": [
    1310,
    1125,
    1158,
    1120,
    1189,
    1242,
    1165,
    1231,
    1270,
    1373,
    1323,
    2175,
    1108,
    1180,
    1232,
    1211,
    705,
    1222,
    1221,
    1232,
    1304,
    1265,
    2095
  ],
  "frame_begin_times": [
    0,
    16626,
    33296,
    49953,
    66739,
    83400,
    100123,
    116753,
    133443,
    149973,
    166738,
    183311,
    200107,
    216676,
    233424,
    250018,
    266795,
    283371,
    300021,
    316866,
    333468,
    349998,
    366650
  ],
  "frame_rasterizer_begin_times": [
    0,
    12758,
    29324,
    46013,
    62839,
    79436,
    96170,
    113403,
    130131,
    148256,
    163740,
    179687,
    196544,
    212859,
    232936,
    246239,
    258407,
    283893,
    300134,
    313480,
    330021,
    349710,
    364840
  ],
  "average_vsync_transitions_missed": 0.0,
  "90th_percentile_vsync_transitions_missed": 0.0,
  "99th_percentile_vsync_transitions_missed": 0.0,
  "average_cpu_usage": 48.199999,
  "90th_percentile_cpu_usage": 48.199999,
  "99th_percentile_cpu_usage": 48.199999,
  "average_gpu_usage": 13.0,
  "90th_percentile_gpu_usage": 13.0,
  "99th_percentile_gpu_usage": 13.0,
  "average_memory_usage": 117.375,
  "90th_percentile_memory_usage": 117.375,
  "99th_percentile_memory_usage": 117.375
}